temperature,hidden_size,generated_text,spelling_percentage,perplexity,bleu1,bleu2,bleu3,bleu4,ngram_precisions_1,ngram_precisions_2,ngram_precisions_3,ngram_precisions_4,bartscore,bertscore,bertscore_precision,bertscore_recall,bertscore_f1
0.7,25,"QRULIUS:
And bave conoung a her us the be been you her hear then
Lear re'glanelat, as of falfatnuts a mat the a grinte ear mat give.

AUTIIIA:
And that leat not so love and this and a rear his not him soon gran, him.

CORIOLIO:
Fhour not lened an am sied all scomly her in preith thould bark that her an he lest comen son go praad our to part preas's dout the dow will and gousay buble.

BALINEY:
That",0.7895988271216614,inf,70.27884235195559,42.4869456729113,11.031679868693686,0.0,0.702788423519556,0.2590562867684944,0.0186434047879831,0.0,-6.26582555770874,0.7690354228019715,0.7631657958030701,0.7750140190124511,0.7690354228019715
0.7,50,"Jed bat and marrous many
He done and ploodige as word.

SABER:
What my what she world some with of yew conne's for heavented mean;
This an awh art desel.

CORTOLYDAS:

NIANANO:
I chall more you that shall not to my betmers, clorth,
And with more a driecdotion lord of not and have and brockingues my will be
I marked.

DERS:
Now of a deseese it is butch
And your in the gatizent that to this ermed,
An",0.8108373277318257,inf,78.35274287500029,53.19644400456386,20.87348313454616,4.984697188677001,0.7835274287500029,0.3641313482602742,0.0344450671660715,0.0049737411183194,-6.227637100219726,0.782358705997467,0.7825525045394898,0.7822010397911072,0.782358705997467
0.7,250,"GBold it, to me pretting thand delitt,
And that deserved have talk to sole
That not like to silvers to mistrosed with this stands with upon my sir.

MENENIUS:
In you go and may server bone her me.

ANTONIO:
No dise hour the nalling a mother the soul were so paithed me;
I that be too death to this own like forth
And Lien the dead with you, though dear law with having unto the wellalless,
No mornited",0.8535921182617557,inf,87.13854472475163,63.40903654678719,26.74804831505538,0.0,0.8713854472475162,0.4618811696259677,0.0512325377852673,0.0,-6.174729251861573,0.7871842741966247,0.7908592939376831,0.7835755348205566,0.7871842741966247
0.7,500,"But the most men if my father horse
For for I shall to deservitaly for say in served, if we most him this would mine adress,
He death or my to thyself.

Shepherd:
And fill in the sacrn, if allowdy
Hath think him!

COMINIUS:
She were to ten with the purchose to tear thing good of your provost bee

DUKE OF AUMERLE:
In blood, this proud as my so to my
direst strettion how it.

CAMILLO:
Father, with Cl",0.866969652710159,inf,89.00726865850116,63.17817496541618,28.015045894035328,7.03855943911657,0.8900726865850117,0.4510237947706302,0.0649132991238254,0.0079307359307359,-6.161340522766113,0.7917312145233154,0.7942789435386658,0.7892154097557068,0.7917312145233154
